delta,delta_conf,S1,S1_conf,names
"[0.04502501 0.04427131 0.04581179 0.05248979 0.04643904 0.56271173
 0.04617938 0.04832429 0.05444494 0.038188   0.03669649 0.05722248
 0.05003085 0.06396298]","[0.00376186 0.00196911 0.00209641 0.00284677 0.00377785 0.00290307
 0.00292165 0.00323939 0.00325121 0.00244949 0.00251489 0.00404309
 0.00215201 0.00386414]","[0.00490339 0.00198073 0.00312859 0.00520912 0.00366597 0.85324804
 0.01147025 0.01751895 0.01300297 0.00106604 0.00087495 0.01316304
 0.00849019 0.03030584]","[0.00167301 0.00124154 0.00077436 0.00195355 0.00182465 0.00317055
 0.00246854 0.00442068 0.00369783 0.00108104 0.0008172  0.0025916
 0.00184885 0.00314622]","['PERC', 'Alpha', 'K1', 'K2', 'MAXBAS', 'Cet', 'TT_1', 'CFMAX_1', 'SFCF_1', 'CFR_1', 'CWH_1', 'FC_1', 'LP_1', 'BETA_1']"
