delta,delta_conf,S1,S1_conf,names
"[0.04980514 0.07299285 0.06439388 0.04546691 0.07059003 0.19848705
 0.17610604 0.07355199 0.08254517 0.04589226 0.04481036 0.05609271
 0.0484172  0.06362272]","[0.00197539 0.00289953 0.00334395 0.00144457 0.00271757 0.00463549
 0.00329771 0.00193605 0.00343617 0.00226021 0.00223191 0.00208479
 0.00284419 0.00258431]","[0.00483061 0.03819407 0.04244489 0.00172563 0.01960144 0.25274867
 0.11948943 0.00820939 0.02091471 0.00126936 0.00142679 0.00834972
 0.00283008 0.01687942]","[0.0016865  0.00409898 0.00638001 0.00090428 0.00336022 0.00809895
 0.00628923 0.00216148 0.00338268 0.00140066 0.00116372 0.00214223
 0.00113189 0.0032387 ]","['PERC', 'Alpha', 'K1', 'K2', 'MAXBAS', 'Cet', 'TT_1', 'CFMAX_1', 'SFCF_1', 'CFR_1', 'CWH_1', 'FC_1', 'LP_1', 'BETA_1']"
