delta,delta_conf,S1,S1_conf,names
"[0.05297314 0.11279894 0.0958113  0.0342613  0.09658492 0.16671446
 0.16888604 0.0394143  0.1695941  0.02838751 0.0435017  0.04012713
 0.02728355 0.03134835]","[0.00447492 0.00692404 0.00309907 0.00346921 0.00407849 0.00460278
 0.00404902 0.0028585  0.00336135 0.00192809 0.0025328  0.00288083
 0.00217456 0.00336558]","[0.02080156 0.08438691 0.06043949 0.00543094 0.07623946 0.1545374
 0.18421908 0.0050064  0.19439261 0.00105661 0.01146536 0.01171874
 0.00175512 0.00269585]","[0.00212713 0.00634212 0.00462839 0.00158588 0.00696168 0.00628948
 0.00652355 0.00187569 0.00897208 0.00083067 0.00205985 0.00434515
 0.00089314 0.00138089]","['PERC', 'Alpha', 'K1', 'K2', 'MAXBAS', 'Cet', 'TT_1', 'CFMAX_1', 'SFCF_1', 'CFR_1', 'CWH_1', 'FC_1', 'LP_1', 'BETA_1']"
