delta,delta_conf,S1,S1_conf,names
"[0.07610506 0.09010463 0.05883306 0.05651279 0.05788067 0.06695273
 0.09687995 0.0597884  0.07119042 0.35817665 0.25665485]","[0.00531105 0.00473526 0.00419188 0.00552486 0.0029962  0.00297582
 0.00413924 0.00475182 0.0035648  0.0043819  0.00412167]","[0.00799519 0.02402908 0.00454117 0.00360399 0.0026694  0.02851055
 0.05026832 0.01524009 0.01995698 0.42230867 0.30108712]","[0.00440891 0.00385381 0.00240327 0.00120508 0.00099408 0.00673491
 0.0097437  0.00464239 0.0033683  0.00836278 0.01581004]","['w', 'n_imperv', 'n_perv', 's_imperv', 's_perv', 'k_sat', 'per_routed', 'cmelt', 'Tb', 'A1', 'B1']"
