delta,delta_conf,S1,S1_conf,names
"[0.06760982 0.06884702 0.05804614 0.05759523 0.05677335 0.0640799
 0.08270329 0.06831323 0.07845814 0.40485142 0.24357476]","[0.00328509 0.00570684 0.00348373 0.00255748 0.00378253 0.00563864
 0.00434178 0.00355956 0.00314741 0.00380048 0.00286603]","[0.00470259 0.00751576 0.00616449 0.00402356 0.00294764 0.02318208
 0.02616933 0.03137708 0.03386475 0.4962848  0.20596573]","[0.00129265 0.00289073 0.00184266 0.00170368 0.00132909 0.00470156
 0.00398805 0.00727055 0.00365306 0.01274551 0.01179533]","['w', 'n_imperv', 'n_perv', 's_imperv', 's_perv', 'k_sat', 'per_routed', 'cmelt', 'Tb', 'A1', 'B1']"
