delta,delta_conf,S1,S1_conf,names
"[0.05746217 0.06539726 0.0615349  0.05901723 0.05279381 0.06913552
 0.24127354 0.06554286 0.05703912 0.292495   0.16079291]","[0.00412587 0.00422063 0.00364381 0.00482883 0.00412897 0.00468614
 0.00338061 0.00402692 0.00361006 0.00621286 0.00436928]","[0.00268866 0.00658528 0.00421264 0.00514446 0.00323595 0.04727282
 0.27036968 0.00940858 0.00546537 0.50281131 0.08297281]","[0.00187804 0.00235814 0.00166568 0.00255693 0.0013526  0.00841029
 0.00859674 0.0028627  0.00205657 0.00872582 0.00878809]","['w', 'n_imperv', 'n_perv', 's_imperv', 's_perv', 'k_sat', 'per_routed', 'cmelt', 'Tb', 'A1', 'B1']"
