delta,delta_conf,S1,S1_conf,names
"[0.06788186 0.07060541 0.05723979 0.05698031 0.05594438 0.06606968
 0.08285335 0.06895228 0.07938891 0.40531054 0.24089977]","[0.00266632 0.00261067 0.00464829 0.00335946 0.003301   0.00499313
 0.00521702 0.00384391 0.00397398 0.00471792 0.00411679]","[0.00470259 0.00751576 0.00616449 0.00402356 0.00294764 0.02318208
 0.02616933 0.03137708 0.03386475 0.4962848  0.20596573]","[0.00203856 0.00302786 0.00232305 0.00163575 0.00178405 0.00524506
 0.00338655 0.00948803 0.00400712 0.01646819 0.01136445]","['w', 'n_imperv', 'n_perv', 's_imperv', 's_perv', 'k_sat', 'per_routed', 'cmelt', 'Tb', 'A1', 'B1']"
