delta,delta_conf,S1,S1_conf,names
"[0.05695273 0.06562477 0.06125364 0.05828058 0.05228138 0.07033088
 0.23954785 0.0645365  0.05651862 0.29277248 0.16210091]","[0.00475869 0.00474886 0.00555499 0.00275779 0.0024415  0.00263404
 0.00533374 0.0030425  0.00448215 0.00461873 0.00684578]","[0.00268522 0.00658942 0.0042154  0.00514836 0.0032335  0.04728377
 0.27036188 0.00940235 0.00547399 0.50282002 0.08295966]","[0.00236037 0.00168627 0.00269087 0.00142952 0.00160804 0.00889489
 0.01498153 0.00172009 0.00117142 0.0059479  0.00686809]","['w', 'n_imperv', 'n_perv', 's_imperv', 's_perv', 'k_sat', 'per_routed', 'cmelt', 'Tb', 'A1', 'B1']"
