delta,delta_conf,S1,S1_conf,names
"[0.06694767 0.06907913 0.06041607 0.05731585 0.05784821 0.06582398
 0.08384331 0.0698044  0.07896186 0.40538123 0.24162806]","[0.00621982 0.00499437 0.00389479 0.00571025 0.00362849 0.00377684
 0.00364827 0.00462942 0.00446351 0.00750408 0.0053934 ]","[0.00448766 0.00744492 0.00613477 0.00404076 0.00300521 0.02220477
 0.0256604  0.03506967 0.03449023 0.50387261 0.19554678]","[0.00218676 0.00277465 0.00240239 0.00256523 0.00135154 0.00370832
 0.00484663 0.00538066 0.00479847 0.00880319 0.01239333]","['w', 'n_imperv', 'n_perv', 's_imperv', 's_perv', 'k_sat', 'per_routed', 'cmelt', 'Tb', 'A1', 'B1']"
